brand_name,product_count
Agatho,9
ALLEVEN,21
Amouage,72
Atelier des Ors,25
Baxter of California,16
Bellefontaine,40
Beso Beach,11
Bioeffect,13
Birkholz,35
Boadicea the Victorious,15
BONDI WASH,12
Carner Barcelona,27
Casamorati,15
Clive Christian,32
Contes de Parfums,11
Creed,51
De Gabor,9
EDEL by Eulalia Lucia,7
Eight & Bob,29
Ex Idolo,4
Floraïku,21
Fragrance du Bois,22
Franck Boclet,5
Gamila,17
Greyhound Candle,11
Hervé Gambs,1
Houbigant,21
Isabey,8
Jan Barba,6
Jean-Charles Brosseau,13
Jeroboam,13
Jovoy,20
Kilian,31
KOH,21
L'Orchestre Parfum,14
Le Rouge Francais,60
Les Parfums de Rosine,9
Lorenzo Villoresi,12
Lubin,10
M. Micallef,33
Maison Francis Kurkdjian,36
Maison Incens,2
Majda Bekkali,11
Marrakech Imperial,8
Memo,46
Menard,42
Menard-Jupier,3
Miles Wambaugh,5
Mind Games,17
Miriam Quevedo,22
Missala,3
Montale,55
My Exclusive Collection,1
Mühle,25
Nasomatto,11
Natura Bissé,83
Nebu Milano,5
Nissaba,9
Olfactive Studio,17
Olivier Durbano,16
Opalis,5
Pagano,3
Parfum d'Empire,11
Parfums Sophie la Girafe,2
Pasotti,38
Perris Monte Carlo,22
Pol'and'Rock,3
Pro Fvmvm Roma,17
Puredistance,16
Rance,14
Richouli,1
Roja Parfums,34
Royal Crown,1
SELAHATIN,24
Swiss Smile,9
T. LeClerc,83
The House of Oud,32
Tom Ford,21
Valmont,39
VENTI4,8
Widian,22
Wilgermain,6
Wolf Brothers,12
Xerjoff,87
