brand,name,rating,votes,url,last_crawled
Giorgio Armani,Ikat Bleu Giorgio Armani for women and men,4.31,64,https://www.fragrantica.com/perfume/Giorgio-Armani/Ikat-Bleu-63629.html,2025-11-14T16:27:45.586221
Giorgio Armani,Emporio Armani Diamonds for Women Summer Edition Giorgio Armani,3.81,90,https://www.fragrantica.com/perfume/Giorgio-Armani/Emporio-Armani-Diamonds-for-Women-Summer-Edition-8439.html,2025-11-14T16:27:51.971170
Giorgio Armani,Si Rose Signature Giorgio Armani,4.03,489,https://www.fragrantica.com/perfume/Giorgio-Armani/Si-Rose-Signature-35248.html,2025-11-14T16:27:58.436232
Giorgio Armani,Armani Code Summer Pour Homme 2011 Giorgio Armani,4.15,48,https://www.fragrantica.com/perfume/Giorgio-Armani/Armani-Code-Summer-Pour-Homme-2011-12357.html,2025-11-14T16:28:05.185877
Giorgio Armani,Si Rose Signature II Eau de Parfum Giorgio Armani,4.05,291,https://www.fragrantica.com/perfume/Giorgio-Armani/Si-Rose-Signature-II-Eau-de-Parfum-43453.html,2025-11-14T16:28:11.028296
Giorgio Armani,Emporio Armani For Her 2008 Giorgio Armani,4.12,266,https://www.fragrantica.com/perfume/Giorgio-Armani/Emporio-Armani-For-Her-2008-2694.html,2025-11-14T16:28:17.687047
Giorgio Armani,Emporio Armani Diamonds for Men Giorgio Armani,4.07,1960,https://www.fragrantica.com/perfume/Giorgio-Armani/Emporio-Armani-Diamonds-for-Men-3793.html,2025-11-14T16:28:23.167702
Giorgio Armani,Thé Yulong Eau de Toilette Edition Limitée Giorgio Armani for women and men,3.77,26,https://www.fragrantica.com/perfume/Giorgio-Armani/The-Yulong-Eau-de-Toilette-Edition-Limitee-96936.html,2025-11-14T16:28:28.733331
Giorgio Armani,My Way Nectar Giorgio Armani,4.03,1255,https://www.fragrantica.com/perfume/Giorgio-Armani/My-Way-Nectar-88938.html,2025-11-14T16:28:34.911317
Giorgio Armani,Air di Gioia Giorgio Armani,3.72,1096,https://www.fragrantica.com/perfume/Giorgio-Armani/Air-di-Gioia-36599.html,2025-11-14T16:28:40.350075
Giorgio Armani,Armani Code Golden Edition Giorgio Armani,3.93,42,https://www.fragrantica.com/perfume/Giorgio-Armani/Armani-Code-Golden-Edition-21934.html,2025-11-14T16:28:46.519496
Giorgio Armani,Cuir Majeste Giorgio Armani for women and men,4.43,208,https://www.fragrantica.com/perfume/Giorgio-Armani/Cuir-Majeste-40057.html,2025-11-14T16:28:53.002893
Giorgio Armani,Armani Mania Giorgio Armani,4.11,3859,https://www.fragrantica.com/perfume/Giorgio-Armani/Armani-Mania-415.html,2025-11-14T16:29:15.242214
Giorgio Armani,Armani Code Cashmere Giorgio Armani,4.17,1645,https://www.fragrantica.com/perfume/Giorgio-Armani/Armani-Code-Cashmere-42278.html,2025-11-14T16:29:21.416207
Giorgio Armani,Armani Code Absolu Gold Giorgio Armani,4.44,527,https://www.fragrantica.com/perfume/Giorgio-Armani/Armani-Code-Absolu-Gold-59334.html,2025-11-14T16:29:27.531542
Giorgio Armani,Armani Prive Rouge Malachite Giorgio Armani for women and men,4.21,2732,https://www.fragrantica.com/perfume/Giorgio-Armani/Armani-Prive-Rouge-Malachite-34589.html,2025-11-14T16:29:33.803786
Giorgio Armani,Armani Code Ice Giorgio Armani,3.77,528,https://www.fragrantica.com/perfume/Giorgio-Armani/Armani-Code-Ice-24601.html,2025-11-14T16:29:39.808800
Giorgio Armani,Armani Code Sport Edition 2016 Giorgio Armani,4.27,106,https://www.fragrantica.com/perfume/Giorgio-Armani/Armani-Code-Sport-Edition-2016-39648.html,2025-11-14T16:29:47.267897
Giorgio Armani,Emporio Armani She Giorgio Armani,4.19,846,https://www.fragrantica.com/perfume/Giorgio-Armani/Emporio-Armani-She-64482.html,2025-11-14T16:29:53.438574
Giorgio Armani,Emporio Armani Stronger With You Amber Giorgio Armani for women and men,4.27,783,https://www.fragrantica.com/perfume/Giorgio-Armani/Emporio-Armani-Stronger-With-You-Amber-79699.html,2025-11-14T16:29:59.415843
Giorgio Armani,My Way Floral Giorgio Armani,4.02,1103,https://www.fragrantica.com/perfume/Giorgio-Armani/My-Way-Floral-73284.html,2025-11-14T16:30:05.534713
Giorgio Armani,Emporio Armani White For Him Giorgio Armani,4.48,403,https://www.fragrantica.com/perfume/Giorgio-Armani/Emporio-Armani-White-For-Him-419.html,2025-11-14T16:30:11.968136
Giorgio Armani,Emporio Armani Stronger With You Absolutely Giorgio Armani,4.53,7804,https://www.fragrantica.com/perfume/Giorgio-Armani/Emporio-Armani-Stronger-With-You-Absolutely-64501.html,2025-11-14T16:30:18.677939
Giorgio Armani,Emporio Armani Diamonds Violet Giorgio Armani,3.88,303,https://www.fragrantica.com/perfume/Giorgio-Armani/Emporio-Armani-Diamonds-Violet-31240.html,2025-11-14T16:30:24.108897
Giorgio Armani,Sì Passione Intense (2024) Giorgio Armani,3.8,408,https://www.fragrantica.com/perfume/Giorgio-Armani/Si-Passione-Intense-2024-96186.html,2025-11-14T16:30:30.131082
Giorgio Armani,My Way Hair & Body Mist Giorgio Armani,3.78,9,https://www.fragrantica.com/perfume/Giorgio-Armani/My-Way-Hair-Body-Mist-94401.html,2025-11-14T16:30:38.672254
Giorgio Armani,Armani Code Couture Edition Giorgio Armani,4.29,63,https://www.fragrantica.com/perfume/Giorgio-Armani/Armani-Code-Couture-Edition-17126.html,2025-11-14T16:30:44.112235
Giorgio Armani,Acqua di Gio Essenza Giorgio Armani,4.32,2820,https://www.fragrantica.com/perfume/Giorgio-Armani/Acqua-di-Gio-Essenza-14825.html,2025-11-14T16:30:49.868015
Giorgio Armani,Emporio Armani Red Pour Elle (White) Giorgio Armani,4.25,248,https://www.fragrantica.com/perfume/Giorgio-Armani/Emporio-Armani-Red-Pour-Elle-White-2190.html,2025-11-14T16:30:56.153399
Giorgio Armani,Armani Code Elixir Giorgio Armani,4.37,318,https://www.fragrantica.com/perfume/Giorgio-Armani/Armani-Code-Elixir-1738.html,2025-11-14T16:31:01.555967
Giorgio Armani,Idole d'Armani Giorgio Armani,3.8,2392,https://www.fragrantica.com/perfume/Giorgio-Armani/Idole-d-Armani-6270.html,2025-11-14T16:31:08.139453
Giorgio Armani,Armani Privé Rose d'Arabie Giorgio Armani for women and men,4.36,2386,https://www.fragrantica.com/perfume/Giorgio-Armani/Armani-Prive-Rose-d-Arabie-10886.html,2025-11-14T16:31:13.978420
Giorgio Armani,Si Huile de Parfum Giorgio Armani,4.27,78,https://www.fragrantica.com/perfume/Giorgio-Armani/Si-Huile-de-Parfum-32475.html,2025-11-14T16:31:19.769320
Giorgio Armani,Sì Parfum Giorgio Armani,4.08,159,https://www.fragrantica.com/perfume/Giorgio-Armani/Si-Parfum-112375.html,2025-11-14T16:31:30.602770
Giorgio Armani,Armani Code Absolu Giorgio Armani,4.4,4296,https://www.fragrantica.com/perfume/Giorgio-Armani/Armani-Code-Absolu-53106.html,2025-11-14T16:31:36.791285
Giorgio Armani,A Milano Giorgio Armani for women and men,4.28,54,https://www.fragrantica.com/perfume/Giorgio-Armani/A-Milano-69489.html,2025-11-14T16:47:50.133476
Giorgio Armani,Sì Passione Limited Edition Giorgio Armani,3.89,27,https://www.fragrantica.com/perfume/Giorgio-Armani/Si-Passione-Limited-Edition-51615.html,2025-11-14T16:47:55.496264
Giorgio Armani,Acqua di Gioia Hair & Body Mist Giorgio Armani,3.94,16,https://www.fragrantica.com/perfume/Giorgio-Armani/Acqua-di-Gioia-Hair-Body-Mist-50128.html,2025-11-14T16:48:02.212823
Giorgio Armani,My Way Intense Giorgio Armani,3.92,2483,https://www.fragrantica.com/perfume/Giorgio-Armani/My-Way-Intense-68596.html,2025-11-14T16:48:07.783191
Giorgio Armani,Acqua di Giò Parfum Giorgio Armani,4.43,5304,https://www.fragrantica.com/perfume/Giorgio-Armani/Acqua-di-Gio-Parfum-81508.html,2025-11-14T16:48:13.540222
Giorgio Armani,Acqua di Gio - Acqua di Life Edition Giorgio Armani,4.09,131,https://www.fragrantica.com/perfume/Giorgio-Armani/Acqua-di-Gio-Acqua-di-Life-Edition-11755.html,2025-11-14T16:48:19.928662
Giorgio Armani,Sì Intense 2021 Giorgio Armani,4.09,2035,https://www.fragrantica.com/perfume/Giorgio-Armani/Si-Intense-2021-64853.html,2025-11-14T16:48:26.090108
Giorgio Armani,Summer Mania Eau Fraiche pour Femme Giorgio Armani,4.07,57,https://www.fragrantica.com/perfume/Giorgio-Armani/Summer-Mania-Eau-Fraiche-pour-Femme-928.html,2025-11-14T16:48:32.215039
Giorgio Armani,Summer Mania Femme Giorgio Armani,4.04,50,https://www.fragrantica.com/perfume/Giorgio-Armani/Summer-Mania-Femme-2705.html,2025-11-14T16:48:38.148873
Giorgio Armani,Blanc Kogane Giorgio Armani for women and men,3.88,330,https://www.fragrantica.com/perfume/Giorgio-Armani/Blanc-Kogane-88629.html,2025-11-14T16:48:44.125803
Giorgio Armani,Emporio Armani Stronger With You Oud Giorgio Armani,4.27,707,https://www.fragrantica.com/perfume/Giorgio-Armani/Emporio-Armani-Stronger-With-You-Oud-76171.html,2025-11-14T16:48:50.591583
Giorgio Armani,Acqua di Gio Blue Edition Pour Homme Giorgio Armani,4.09,162,https://www.fragrantica.com/perfume/Giorgio-Armani/Acqua-di-Gio-Blue-Edition-Pour-Homme-25615.html,2025-11-14T16:48:57.309496
Giorgio Armani,Armani Prive Fil Rouge Giorgio Armani,3.86,36,https://www.fragrantica.com/perfume/Giorgio-Armani/Armani-Prive-Fil-Rouge-37653.html,2025-11-14T16:49:03.154226
Giorgio Armani,Acqua di Gioia Intense Giorgio Armani,4.04,407,https://www.fragrantica.com/perfume/Giorgio-Armani/Acqua-di-Gioia-Intense-90952.html,2025-11-14T16:49:09.196429
Giorgio Armani,Stronger With You Limited Edition Giorgio Armani,3.86,153,https://www.fragrantica.com/perfume/Giorgio-Armani/Stronger-With-You-Limited-Edition-79166.html,2025-11-14T16:49:14.816812
Giorgio Armani,Emporio Armani Diamonds He Limited Edition Giorgio Armani,3.88,24,https://www.fragrantica.com/perfume/Giorgio-Armani/Emporio-Armani-Diamonds-He-Limited-Edition-6835.html,2025-11-14T16:49:21.365169
Giorgio Armani,Attitude Extreme Giorgio Armani,4.37,616,https://www.fragrantica.com/perfume/Giorgio-Armani/Attitude-Extreme-5743.html,2025-11-14T16:49:27.526634
Giorgio Armani,Acqua di Giò Profondo Lights Giorgio Armani,4.1,681,https://www.fragrantica.com/perfume/Giorgio-Armani/Acqua-di-Gio-Profondo-Lights-66265.html,2025-11-14T16:49:33.577614
Giorgio Armani,Acqua Di Gioia Eau Fraiche Giorgio Armani,3.98,1304,https://www.fragrantica.com/perfume/Giorgio-Armani/Acqua-Di-Gioia-Eau-Fraiche-17566.html,2025-11-14T16:49:40.223047
Giorgio Armani,Rose Milano Soie de Nacre Giorgio Armani for women and men,3.77,35,https://www.fragrantica.com/perfume/Giorgio-Armani/Rose-Milano-Soie-de-Nacre-79083.html,2025-11-14T16:49:46.761287
Giorgio Armani,Armani Privé Oud Royal Collector Giorgio Armani for women and men,4.06,17,https://www.fragrantica.com/perfume/Giorgio-Armani/Armani-Prive-Oud-Royal-Collector-101561.html,2025-11-14T16:49:52.415361
Giorgio Armani,Emporio Armani Stronger With You Intensely Giorgio Armani,4.59,18397,https://www.fragrantica.com/perfume/Giorgio-Armani/Emporio-Armani-Stronger-With-You-Intensely-52802.html,2025-11-14T16:49:58.075745
Giorgio Armani,Onde Mystere Giorgio Armani,4.03,255,https://www.fragrantica.com/perfume/Giorgio-Armani/Onde-Mystere-4669.html,2025-11-14T16:50:03.663358
Giorgio Armani,Si Intense Night Light Giorgio Armani,4.21,34,https://www.fragrantica.com/perfume/Giorgio-Armani/Si-Intense-Night-Light-41841.html,2025-11-14T16:50:10.390042
Giorgio Armani,Si Sono Io Giorgio Armani,3.93,41,https://www.fragrantica.com/perfume/Giorgio-Armani/Si-Sono-Io-47190.html,2025-11-14T16:50:16.746561
Giorgio Armani,Emporio Armani City Glam for Her Giorgio Armani,4.0,659,https://www.fragrantica.com/perfume/Giorgio-Armani/Emporio-Armani-City-Glam-for-Her-426.html,2025-11-14T16:50:22.812354
Giorgio Armani,Si Giorgio Armani,3.83,18870,https://www.fragrantica.com/perfume/Giorgio-Armani/Si-18453.html,2025-11-14T16:50:28.591564
Giorgio Armani,Iris Bleu Giorgio Armani for women and men,4.15,143,https://www.fragrantica.com/perfume/Giorgio-Armani/Iris-Bleu-103559.html,2025-11-14T16:50:34.399197
Giorgio Armani,Si Eau de Parfum Intense Giorgio Armani,4.02,1214,https://www.fragrantica.com/perfume/Giorgio-Armani/Si-Eau-de-Parfum-Intense-83977.html,2025-11-14T16:50:39.956161
Giorgio Armani,Armani Code Summer Pour Femme 2011 Giorgio Armani,3.98,175,https://www.fragrantica.com/perfume/Giorgio-Armani/Armani-Code-Summer-Pour-Femme-2011-12358.html,2025-11-14T16:50:45.536616
Giorgio Armani,Cuir Amethyste Giorgio Armani for women and men,4.12,1302,https://www.fragrantica.com/perfume/Giorgio-Armani/Cuir-Amethyste-408.html,2025-11-14T16:50:51.914277
Giorgio Armani,Rose d'Artiste Giorgio Armani,3.88,43,https://www.fragrantica.com/perfume/Giorgio-Armani/Rose-d-Artiste-50389.html,2025-11-14T16:50:57.931103
Giorgio Armani,Sì Passione Limited Edition 2019 Giorgio Armani,2.86,7,https://www.fragrantica.com/perfume/Giorgio-Armani/Si-Passione-Limited-Edition-2019-58272.html,2025-11-14T16:51:03.766385
Giorgio Armani,Sensi Jewel Giorgio Armani,4.19,26,https://www.fragrantica.com/perfume/Giorgio-Armani/Sensi-Jewel-2704.html,2025-11-14T16:51:09.194018
Giorgio Armani,Terra di Gioia Giorgio Armani,3.87,1070,https://www.fragrantica.com/perfume/Giorgio-Armani/Terra-di-Gioia-66409.html,2025-11-14T16:51:15.921760
Giorgio Armani,Emporio Armani Diamonds Black Carat for Him Giorgio Armani,4.35,228,https://www.fragrantica.com/perfume/Giorgio-Armani/Emporio-Armani-Diamonds-Black-Carat-for-Him-13071.html,2025-11-14T17:06:22.944825
Giorgio Armani,Si Passione Red Musk Giorgio Armani,3.85,406,https://www.fragrantica.com/perfume/Giorgio-Armani/Si-Passione-Red-Musk-103518.html,2025-11-14T17:06:28.997431
Giorgio Armani,Emporio Armani For Him 2008 Giorgio Armani,4.02,131,https://www.fragrantica.com/perfume/Giorgio-Armani/Emporio-Armani-For-Him-2008-2695.html,2025-11-14T17:06:35.589945
Giorgio Armani,Emporio Armani Diamonds Club Giorgio Armani,3.59,49,https://www.fragrantica.com/perfume/Giorgio-Armani/Emporio-Armani-Diamonds-Club-38911.html,2025-11-14T17:06:42.575417
Giorgio Armani,Armani Giorgio Armani,4.31,775,https://www.fragrantica.com/perfume/Giorgio-Armani/Armani-827.html,2025-11-14T17:06:48.229187
Giorgio Armani,Armani Prive Jahwara Oriental Giorgio Armani for women and men,4.15,54,https://www.fragrantica.com/perfume/Giorgio-Armani/Armani-Prive-Jahwara-Oriental-70085.html,2025-11-14T17:06:54.121886
Giorgio Armani,Si Eau de Toilette Giorgio Armani,3.8,1643,https://www.fragrantica.com/perfume/Giorgio-Armani/Si-Eau-de-Toilette-29337.html,2025-11-14T17:06:59.750432
Giorgio Armani,Haute Couture en Jeu Giorgio Armani for women and men,3.93,28,https://www.fragrantica.com/perfume/Giorgio-Armani/Haute-Couture-en-Jeu-100584.html,2025-11-14T17:07:05.306284
Giorgio Armani,Emporio Armani White For Her Giorgio Armani,4.37,785,https://www.fragrantica.com/perfume/Giorgio-Armani/Emporio-Armani-White-For-Her-420.html,2025-11-14T17:07:11.178804
Giorgio Armani,Armani Prive Laque Giorgio Armani for women and men,4.09,32,https://www.fragrantica.com/perfume/Giorgio-Armani/Armani-Prive-Laque-55409.html,2025-11-14T17:07:17.796091
Giorgio Armani,My Way Ylang Giorgio Armani,3.9,596,https://www.fragrantica.com/perfume/Giorgio-Armani/My-Way-Ylang-100877.html,2025-11-14T17:07:24.398179
Giorgio Armani,Acqua di Gioia Eau de Parfum Satinee Giorgio Armani,4.09,243,https://www.fragrantica.com/perfume/Giorgio-Armani/Acqua-di-Gioia-Eau-de-Parfum-Satinee-14402.html,2025-11-14T17:07:30.526581
Giorgio Armani,Armani Code Colonia Giorgio Armani,3.97,1274,https://www.fragrantica.com/perfume/Giorgio-Armani/Armani-Code-Colonia-42895.html,2025-11-14T17:07:36.962413
Giorgio Armani,Armani Code Special Blend Giorgio Armani,4.36,153,https://www.fragrantica.com/perfume/Giorgio-Armani/Armani-Code-Special-Blend-31954.html,2025-11-14T17:07:43.791488
Giorgio Armani,Armani Code Summer Pour Homme 2010 Giorgio Armani,4.37,117,https://www.fragrantica.com/perfume/Giorgio-Armani/Armani-Code-Summer-Pour-Homme-2010-7906.html,2025-11-14T17:07:49.579312
Giorgio Armani,Emporio Armani He Giorgio Armani,4.13,557,https://www.fragrantica.com/perfume/Giorgio-Armani/Emporio-Armani-He-64483.html,2025-11-14T17:07:55.514923
Giorgio Armani,Armani Code Eau de Toilette Giorgio Armani,4.07,1258,https://www.fragrantica.com/perfume/Giorgio-Armani/Armani-Code-Eau-de-Toilette-79263.html,2025-11-14T17:08:02.877830
Giorgio Armani,Armani Mania Giorgio Armani,4.3,1560,https://www.fragrantica.com/perfume/Giorgio-Armani/Armani-Mania-414.html,2025-11-14T17:08:09.996121
Giorgio Armani,Emporio Armani Stronger With You Tobacco Giorgio Armani,4.29,928,https://www.fragrantica.com/perfume/Giorgio-Armani/Emporio-Armani-Stronger-With-You-Tobacco-90333.html,2025-11-14T17:08:15.662667
Giorgio Armani,Sì Fiori Giorgio Armani,4.2,3543,https://www.fragrantica.com/perfume/Giorgio-Armani/Si-Fiori-53243.html,2025-11-14T17:08:21.425509
Giorgio Armani,Si Passione Eclat De Parfum Giorgio Armani,3.73,1110,https://www.fragrantica.com/perfume/Giorgio-Armani/Si-Passione-Eclat-De-Parfum-71535.html,2025-11-14T17:08:27.637802
Giorgio Armani,Idole d'Armani Eau de Toilette Giorgio Armani,3.81,418,https://www.fragrantica.com/perfume/Giorgio-Armani/Idole-d-Armani-Eau-de-Toilette-8065.html,2025-11-14T17:08:33.054099
Giorgio Armani,Acqua di Gioia Eau de Toilette Giorgio Armani,3.89,875,https://www.fragrantica.com/perfume/Giorgio-Armani/Acqua-di-Gioia-Eau-de-Toilette-24452.html,2025-11-14T17:08:38.996258
Giorgio Armani,Armani Code Profumo Giorgio Armani,4.26,5280,https://www.fragrantica.com/perfume/Giorgio-Armani/Armani-Code-Profumo-34761.html,2025-11-14T17:08:45.375443
Giorgio Armani,Si Nacre Edition 2019 Giorgio Armani,3.44,9,https://www.fragrantica.com/perfume/Giorgio-Armani/Si-Nacre-Edition-2019-57030.html,2025-11-14T17:08:52.189369
Giorgio Armani,Armani Eau de Nuit Giorgio Armani,4.22,1483,https://www.fragrantica.com/perfume/Giorgio-Armani/Armani-Eau-de-Nuit-17231.html,2025-11-14T17:08:58.957513
Giorgio Armani,Si White Giorgio Armani,3.73,139,https://www.fragrantica.com/perfume/Giorgio-Armani/Si-White-28129.html,2025-11-14T17:09:04.684802
Giorgio Armani,Oranger Alhambra Giorgio Armani,3.92,153,https://www.fragrantica.com/perfume/Giorgio-Armani/Oranger-Alhambra-4036.html,2025-11-14T17:09:11.376262
Giorgio Armani,Armani Eau Pour Homme (new) Giorgio Armani,4.17,1112,https://www.fragrantica.com/perfume/Giorgio-Armani/Armani-Eau-Pour-Homme-new-17230.html,2025-11-14T17:09:17.107211
Giorgio Armani,Armani Code Sport Athlete Giorgio Armani,4.44,327,https://www.fragrantica.com/perfume/Giorgio-Armani/Armani-Code-Sport-Athlete-14936.html,2025-11-14T17:09:23.024072
Giorgio Armani,Emporio Armani Diamonds Black Carat for Her Giorgio Armani,4.06,248,https://www.fragrantica.com/perfume/Giorgio-Armani/Emporio-Armani-Diamonds-Black-Carat-for-Her-13070.html,2025-11-14T17:09:28.786012
Giorgio Armani,Sì Passione Intense Giorgio Armani,3.89,984,https://www.fragrantica.com/perfume/Giorgio-Armani/Si-Passione-Intense-58737.html,2025-11-14T17:09:35.192960
Giorgio Armani,Onde Vertige Giorgio Armani,3.95,164,https://www.fragrantica.com/perfume/Giorgio-Armani/Onde-Vertige-4670.html,2025-11-14T17:09:40.690129
Giorgio Armani,Vétiver d'Hiver (Vetiver Babylone) Giorgio Armani,4.25,1334,https://www.fragrantica.com/perfume/Giorgio-Armani/Vetiver-d-Hiver-Vetiver-Babylone-2698.html,2025-11-14T17:09:47.457588
Giorgio Armani,Emporio Remix for Her Giorgio Armani,4.04,431,https://www.fragrantica.com/perfume/Giorgio-Armani/Emporio-Remix-for-Her-916.html,2025-11-14T17:09:53.123639
Giorgio Armani,Light di Gioia Giorgio Armani,3.69,844,https://www.fragrantica.com/perfume/Giorgio-Armani/Light-di-Gioia-54301.html,2025-11-14T17:24:24.867843
Giorgio Armani,Si Night Light Giorgio Armani,4.31,35,https://www.fragrantica.com/perfume/Giorgio-Armani/Si-Night-Light-41840.html,2025-11-14T17:24:31.624659
Giorgio Armani,Nuances Giorgio Armani,4.51,41,https://www.fragrantica.com/perfume/Giorgio-Armani/Nuances-18593.html,2025-11-14T17:24:38.446477
Giorgio Armani,Sable Fume Giorgio Armani for women and men,4.53,73,https://www.fragrantica.com/perfume/Giorgio-Armani/Sable-Fume-31211.html,2025-11-14T17:24:45.272753
Giorgio Armani,Santal Dan Sha Giorgio Armani for women and men,4.03,495,https://www.fragrantica.com/perfume/Giorgio-Armani/Santal-Dan-Sha-78477.html,2025-11-14T17:24:51.350426
Giorgio Armani,Emporio Armani Diamonds Giorgio Armani,3.75,3433,https://www.fragrantica.com/perfume/Giorgio-Armani/Emporio-Armani-Diamonds-1292.html,2025-11-14T17:24:58.071365
Giorgio Armani,Ambre Eccentrico Giorgio Armani for women and men,4.32,1235,https://www.fragrantica.com/perfume/Giorgio-Armani/Ambre-Eccentrico-31209.html,2025-11-14T17:25:04.367494
Giorgio Armani,Pierre de Lune Giorgio Armani for women and men,4.1,686,https://www.fragrantica.com/perfume/Giorgio-Armani/Pierre-de-Lune-404.html,2025-11-14T17:25:10.413756
Giorgio Armani,Acqua Di Gioia Jasmine Giorgio Armani,3.74,348,https://www.fragrantica.com/perfume/Giorgio-Armani/Acqua-Di-Gioia-Jasmine-30621.html,2025-11-14T17:25:15.847831
Giorgio Armani,Pivoine Suzhou Soie de Nacre Giorgio Armani,3.94,264,https://www.fragrantica.com/perfume/Giorgio-Armani/Pivoine-Suzhou-Soie-de-Nacre-41617.html,2025-11-14T17:25:22.477133
Giorgio Armani,Armani Code A-List Giorgio Armani,4.13,273,https://www.fragrantica.com/perfume/Giorgio-Armani/Armani-Code-A-List-49501.html,2025-11-14T17:25:28.215495
Giorgio Armani,Mania Giorgio Armani,4.19,544,https://www.fragrantica.com/perfume/Giorgio-Armani/Mania-423.html,2025-11-14T17:25:34.394386
Giorgio Armani,Onde Extase Giorgio Armani,3.93,286,https://www.fragrantica.com/perfume/Giorgio-Armani/Onde-Extase-4671.html,2025-11-14T17:25:40.530367
Giorgio Armani,Si Hair Mist Giorgio Armani,3.9,30,https://www.fragrantica.com/perfume/Giorgio-Armani/Si-Hair-Mist-45318.html,2025-11-14T17:25:46.635030
Giorgio Armani,Armani Code Sport Giorgio Armani,4.07,1550,https://www.fragrantica.com/perfume/Giorgio-Armani/Armani-Code-Sport-11649.html,2025-11-14T17:25:54.875908
Giorgio Armani,Armani Code Eau de Parfum Giorgio Armani,4.35,1667,https://www.fragrantica.com/perfume/Giorgio-Armani/Armani-Code-Eau-de-Parfum-65581.html,2025-11-14T17:26:01.324216
Giorgio Armani,Rose Alexandrie Giorgio Armani,4.1,1159,https://www.fragrantica.com/perfume/Giorgio-Armani/Rose-Alexandrie-2699.html,2025-11-14T17:26:07.652582
Giorgio Armani,Acqua di Giò Profondo Eau de Parfum (2024) Giorgio Armani,4.46,716,https://www.fragrantica.com/perfume/Giorgio-Armani/Acqua-di-Gio-Profondo-Eau-de-Parfum-2024-105624.html,2025-11-14T17:26:14.032508
Giorgio Armani,Emporio Armani Diamonds Rocks Giorgio Armani,3.68,50,https://www.fragrantica.com/perfume/Giorgio-Armani/Emporio-Armani-Diamonds-Rocks-26163.html,2025-11-14T17:26:20.529218
Giorgio Armani,Emporio Armani Diamonds Intense Giorgio Armani,3.84,640,https://www.fragrantica.com/perfume/Giorgio-Armani/Emporio-Armani-Diamonds-Intense-4619.html,2025-11-14T17:26:27.839483
Giorgio Armani,Emporio Armani Lui Giorgio Armani,4.16,1507,https://www.fragrantica.com/perfume/Giorgio-Armani/Emporio-Armani-Lui-416.html,2025-11-14T17:26:34.689370
Giorgio Armani,Armani Code Sheer Giorgio Armani,3.81,126,https://www.fragrantica.com/perfume/Giorgio-Armani/Armani-Code-Sheer-1046.html,2025-11-14T17:26:41.316397
Giorgio Armani,Acqua di Gio Profumo Special Blend Giorgio Armani,4.37,373,https://www.fragrantica.com/perfume/Giorgio-Armani/Acqua-di-Gio-Profumo-Special-Blend-46467.html,2025-11-14T17:26:47.581977
Giorgio Armani,Encens Satin Giorgio Armani for women and men,4.32,543,https://www.fragrantica.com/perfume/Giorgio-Armani/Encens-Satin-25990.html,2025-11-14T17:26:53.620388
Giorgio Armani,My Way Parfum Giorgio Armani,3.93,1188,https://www.fragrantica.com/perfume/Giorgio-Armani/My-Way-Parfum-78561.html,2025-11-14T17:26:59.269934
Giorgio Armani,Sì Passione Red Maestro Giorgio Armani,3.86,131,https://www.fragrantica.com/perfume/Giorgio-Armani/Si-Passione-Red-Maestro-56984.html,2025-11-14T17:27:05.076877
Giorgio Armani,Ocean di Gioia Giorgio Armani,4.1,1971,https://www.fragrantica.com/perfume/Giorgio-Armani/Ocean-di-Gioia-59809.html,2025-11-14T17:27:11.154143
Giorgio Armani,Armani Privé Rose d'Arabie Limited Edition 2018 Giorgio Armani for women and men,4.34,79,https://www.fragrantica.com/perfume/Giorgio-Armani/Armani-Prive-Rose-d-Arabie-Limited-Edition-2018-51914.html,2025-11-14T17:27:17.101318
Giorgio Armani,Thé Yulong Giorgio Armani for women and men,4.24,1505,https://www.fragrantica.com/perfume/Giorgio-Armani/The-Yulong-58907.html,2025-11-14T17:27:22.666879
Giorgio Armani,Sì Passione Laser Limited Edition Giorgio Armani,3.47,15,https://www.fragrantica.com/perfume/Giorgio-Armani/Si-Passione-Laser-Limited-Edition-76693.html,2025-11-14T17:27:29.134402
Giorgio Armani,Armani Code Casino Limited Edition 2008 Giorgio Armani,4.36,36,https://www.fragrantica.com/perfume/Giorgio-Armani/Armani-Code-Casino-Limited-Edition-2008-3051.html,2025-11-14T17:27:35.019653
Giorgio Armani,Armani Privé Oud Royal Giorgio Armani for women and men,4.37,1644,https://www.fragrantica.com/perfume/Giorgio-Armani/Armani-Prive-Oud-Royal-10884.html,2025-11-14T17:27:41.902596
Giorgio Armani,Sky di Gioia Giorgio Armani,3.74,1030,https://www.fragrantica.com/perfume/Giorgio-Armani/Sky-di-Gioia-43587.html,2025-11-14T17:27:48.715081
Giorgio Armani,Armani Eau de Cèdre Giorgio Armani,4.29,1580,https://www.fragrantica.com/perfume/Giorgio-Armani/Armani-Eau-de-Cedre-31401.html,2025-11-14T17:27:54.677200
Giorgio Armani,Armani Prive La Femme Bleue Giorgio Armani,4.33,67,https://www.fragrantica.com/perfume/Giorgio-Armani/Armani-Prive-La-Femme-Bleue-12758.html,2025-11-14T17:28:00.162215
Giorgio Armani,Armani Privé Charm' Giorgio Armani,3.68,37,https://www.fragrantica.com/perfume/Giorgio-Armani/Armani-Prive-Charm-45083.html,2025-11-14T17:44:57.234203
Giorgio Armani,Iris Celadon Giorgio Armani for women and men,3.99,570,https://www.fragrantica.com/perfume/Giorgio-Armani/Iris-Celadon-42886.html,2025-11-14T17:45:03.409577
Giorgio Armani,Emporio Armani Stronger With You Parfum Giorgio Armani,4.25,1869,https://www.fragrantica.com/perfume/Giorgio-Armani/Emporio-Armani-Stronger-With-You-Parfum-100895.html,2025-11-14T17:45:08.852436
Giorgio Armani,Armani Eau d’Aromes Giorgio Armani,4.05,698,https://www.fragrantica.com/perfume/Giorgio-Armani/Armani-Eau-d-Aromes-22879.html,2025-11-14T17:45:15.085144
Giorgio Armani,Acqua di Giò Eau de Parfum Giorgio Armani,4.05,3358,https://www.fragrantica.com/perfume/Giorgio-Armani/Acqua-di-Gio-Eau-de-Parfum-71606.html,2025-11-14T17:45:21.955483
Giorgio Armani,Eau de Jade Giorgio Armani for women and men,4.06,406,https://www.fragrantica.com/perfume/Giorgio-Armani/Eau-de-Jade-403.html,2025-11-14T17:45:28.265861
Giorgio Armani,Si Edition Limitée Eau de Parfum Giorgio Armani,4.12,8,https://www.fragrantica.com/perfume/Giorgio-Armani/Si-Edition-Limitee-Eau-de-Parfum-62847.html,2025-11-14T17:45:33.840152
Giorgio Armani,Noir Kogane Giorgio Armani for women and men,4.24,293,https://www.fragrantica.com/perfume/Giorgio-Armani/Noir-Kogane-88628.html,2025-11-14T17:45:40.187085
Giorgio Armani,Figuier Eden Giorgio Armani for women and men,4.2,1386,https://www.fragrantica.com/perfume/Giorgio-Armani/Figuier-Eden-14878.html,2025-11-14T17:45:46.510668
Giorgio Armani,Armani Code Satin Giorgio Armani,4.15,1609,https://www.fragrantica.com/perfume/Giorgio-Armani/Armani-Code-Satin-31664.html,2025-11-14T17:45:52.868613
Giorgio Armani,Summer Mania Eau Fraiche pour Homme Giorgio Armani,4.24,25,https://www.fragrantica.com/perfume/Giorgio-Armani/Summer-Mania-Eau-Fraiche-pour-Homme-929.html,2025-11-14T17:45:59.456511
Giorgio Armani,Bois d'Encens Giorgio Armani for women and men,4.3,1457,https://www.fragrantica.com/perfume/Giorgio-Armani/Bois-d-Encens-406.html,2025-11-14T17:46:05.465033
Giorgio Armani,Emporio Armani Red Pour Lui (White) Giorgio Armani,4.25,108,https://www.fragrantica.com/perfume/Giorgio-Armani/Emporio-Armani-Red-Pour-Lui-White-2191.html,2025-11-14T17:46:11.162484
Giorgio Armani,Eclat de Jasmin Giorgio Armani for women and men,4.01,319,https://www.fragrantica.com/perfume/Giorgio-Armani/Eclat-de-Jasmin-1153.html,2025-11-14T17:46:17.311827
Giorgio Armani,Armani Code Turquoise for Women Giorgio Armani,3.88,241,https://www.fragrantica.com/perfume/Giorgio-Armani/Armani-Code-Turquoise-for-Women-30323.html,2025-11-14T17:46:22.740166
Giorgio Armani,Acqua di Giò Elixir Giorgio Armani,4.08,1019,https://www.fragrantica.com/perfume/Giorgio-Armani/Acqua-di-Gio-Elixir-101438.html,2025-11-14T17:46:28.606696
Giorgio Armani,Acqua di Gioia Essenza Giorgio Armani,3.84,1057,https://www.fragrantica.com/perfume/Giorgio-Armani/Acqua-di-Gioia-Essenza-12402.html,2025-11-14T17:46:34.226766
Giorgio Armani,Emporio Armani City Glam for Him Giorgio Armani,4.15,253,https://www.fragrantica.com/perfume/Giorgio-Armani/Emporio-Armani-City-Glam-for-Him-425.html,2025-11-14T17:46:41.069006
Giorgio Armani,Pivoine Suzhou Giorgio Armani,4.09,1571,https://www.fragrantica.com/perfume/Giorgio-Armani/Pivoine-Suzhou-29301.html,2025-11-14T17:46:47.465083
Giorgio Armani,Acqua di Giò Profondo Eau de Toilette Giorgio Armani,3.79,296,https://www.fragrantica.com/perfume/Giorgio-Armani/Acqua-di-Gio-Profondo-Eau-de-Toilette-106317.html,2025-11-14T17:46:52.915627
Giorgio Armani,Acqua di Giò Profumo Giorgio Armani,4.42,15665,https://www.fragrantica.com/perfume/Giorgio-Armani/Acqua-di-Gio-Profumo-29727.html,2025-11-14T17:46:59.581120
Giorgio Armani,Emporio Armani Diamonds Rose Giorgio Armani,3.83,380,https://www.fragrantica.com/perfume/Giorgio-Armani/Emporio-Armani-Diamonds-Rose-18339.html,2025-11-14T17:47:06.058022
Giorgio Armani,Ikat Rouge Giorgio Armani for women and men,4.33,60,https://www.fragrantica.com/perfume/Giorgio-Armani/Ikat-Rouge-63630.html,2025-11-14T17:47:12.296694
Giorgio Armani,Si Nacre Edition Giorgio Armani,4.25,81,https://www.fragrantica.com/perfume/Giorgio-Armani/Si-Nacre-Edition-51913.html,2025-11-14T17:47:18.569889
Giorgio Armani,Armani Code Ultimate Giorgio Armani,4.21,1058,https://www.fragrantica.com/perfume/Giorgio-Armani/Armani-Code-Ultimate-15718.html,2025-11-14T17:47:24.350722
Giorgio Armani,Cuir Nu Giorgio Armani for women and men,3.76,49,https://www.fragrantica.com/perfume/Giorgio-Armani/Cuir-Nu-110701.html,2025-11-14T17:47:30.289639
Giorgio Armani,Cuir Noir Giorgio Armani for women and men,4.29,1070,https://www.fragrantica.com/perfume/Giorgio-Armani/Cuir-Noir-14205.html,2025-11-14T17:47:35.764497
Giorgio Armani,Orangerie Venise Giorgio Armani for women and men,4.01,425,https://www.fragrantica.com/perfume/Giorgio-Armani/Orangerie-Venise-55756.html,2025-11-14T17:47:41.179752
Giorgio Armani,Myrrhe Impériale Giorgio Armani for women and men,4.46,1276,https://www.fragrantica.com/perfume/Giorgio-Armani/Myrrhe-Imperiale-21403.html,2025-11-14T17:47:47.430263
Giorgio Armani,Emporio Armani Diamonds Club for Him Giorgio Armani,4.5,42,https://www.fragrantica.com/perfume/Giorgio-Armani/Emporio-Armani-Diamonds-Club-for-Him-38912.html,2025-11-14T17:47:53.153537
Giorgio Armani,Emporio Armani In Love With You Giorgio Armani,3.75,1297,https://www.fragrantica.com/perfume/Giorgio-Armani/Emporio-Armani-In-Love-With-You-52801.html,2025-11-14T17:47:58.606464
Giorgio Armani,Acqua di Giò Absolu Instinct Giorgio Armani,4.06,790,https://www.fragrantica.com/perfume/Giorgio-Armani/Acqua-di-Gio-Absolu-Instinct-53764.html,2025-11-14T17:48:05.954835
Giorgio Armani,Ambre Soie Giorgio Armani for women and men,4.05,385,https://www.fragrantica.com/perfume/Giorgio-Armani/Ambre-Soie-405.html,2025-11-14T17:48:12.418303
Giorgio Armani,Magenta Tanzanite Giorgio Armani for women and men,4.28,952,https://www.fragrantica.com/perfume/Giorgio-Armani/Magenta-Tanzanite-71536.html,2025-11-14T17:48:18.664198
Giorgio Armani,Armani Code Turquoise for Men Giorgio Armani,4.16,76,https://www.fragrantica.com/perfume/Giorgio-Armani/Armani-Code-Turquoise-for-Men-30324.html,2025-11-14T17:48:24.695904
Giorgio Armani,Indigo Tanzanite Giorgio Armani for women and men,3.98,468,https://www.fragrantica.com/perfume/Giorgio-Armani/Indigo-Tanzanite-71537.html,2025-11-14T18:02:18.919180
Giorgio Armani,Emporio Armani Stronger With You Leather Giorgio Armani,4.53,714,https://www.fragrantica.com/perfume/Giorgio-Armani/Emporio-Armani-Stronger-With-You-Leather-63355.html,2025-11-14T18:02:24.278228
Giorgio Armani,Rouge Malachite Limited Edition L'Or de Russie Giorgio Armani for women and men,4.02,189,https://www.fragrantica.com/perfume/Giorgio-Armani/Rouge-Malachite-Limited-Edition-L-Or-de-Russie-47404.html,2025-11-14T18:02:30.253712
Giorgio Armani,Cyprès Pantelleria Giorgio Armani for women and men,3.88,373,https://www.fragrantica.com/perfume/Giorgio-Armani/Cypres-Pantelleria-66244.html,2025-11-14T18:02:36.793517
Giorgio Armani,Emporio Armani Lei Giorgio Armani,4.18,4186,https://www.fragrantica.com/perfume/Giorgio-Armani/Emporio-Armani-Lei-417.html,2025-11-14T18:02:42.286183
Giorgio Armani,Emporio Armani Diamonds Eau de Toilette Giorgio Armani,3.62,415,https://www.fragrantica.com/perfume/Giorgio-Armani/Emporio-Armani-Diamonds-Eau-de-Toilette-6084.html,2025-11-14T18:02:48.692146
Giorgio Armani,Acqua di Giò Profondo Parfum Giorgio Armani,3.97,1687,https://www.fragrantica.com/perfume/Giorgio-Armani/Acqua-di-Gio-Profondo-Parfum-90451.html,2025-11-14T18:02:55.174843
Giorgio Armani,Armani Privé Ambre Orient Giorgio Armani for women and men,4.38,354,https://www.fragrantica.com/perfume/Giorgio-Armani/Armani-Prive-Ambre-Orient-10885.html,2025-11-14T18:03:02.008722
Giorgio Armani,Emporio Armani Stronger With You Only Giorgio Armani,3.97,662,https://www.fragrantica.com/perfume/Giorgio-Armani/Emporio-Armani-Stronger-With-You-Only-71505.html,2025-11-14T18:03:08.720273
Giorgio Armani,Si Passione Eau de Parfum Collector Edition Giorgio Armani,3.0,8,https://www.fragrantica.com/perfume/Giorgio-Armani/Si-Passione-Eau-de-Parfum-Collector-Edition-69619.html,2025-11-14T18:03:24.696187
Giorgio Armani,Sì Passione Giorgio Armani,3.82,6806,https://www.fragrantica.com/perfume/Giorgio-Armani/Si-Passione-48002.html,2025-11-14T18:03:30.084472
Giorgio Armani,Armani Code Absolu Femme Giorgio Armani,4.01,685,https://www.fragrantica.com/perfume/Giorgio-Armani/Armani-Code-Absolu-Femme-54302.html,2025-11-14T18:03:35.916008
Giorgio Armani,Stronger With You Sandalwood Giorgio Armani for women and men,4.36,555,https://www.fragrantica.com/perfume/Giorgio-Armani/Stronger-With-You-Sandalwood-102519.html,2025-11-14T18:03:42.162081
Giorgio Armani,Sì Intense Giorgio Armani,4.01,2803,https://www.fragrantica.com/perfume/Giorgio-Armani/Si-Intense-25947.html,2025-11-14T18:03:48.634071
Giorgio Armani,Si Golden Bow Giorgio Armani,4.15,87,https://www.fragrantica.com/perfume/Giorgio-Armani/Si-Golden-Bow-32065.html,2025-11-14T18:03:54.719238
Giorgio Armani,Armani Privé Bleu Lazuli Giorgio Armani for women and men,4.12,1037,https://www.fragrantica.com/perfume/Giorgio-Armani/Armani-Prive-Bleu-Lazuli-48059.html,2025-11-14T18:04:01.054877
Giorgio Armani,Rose Milano Giorgio Armani,3.96,364,https://www.fragrantica.com/perfume/Giorgio-Armani/Rose-Milano-58911.html,2025-11-14T18:04:06.721276
Giorgio Armani,Emporio Armani Diamonds Summer Fraiche for Men Giorgio Armani,4.14,22,https://www.fragrantica.com/perfume/Giorgio-Armani/Emporio-Armani-Diamonds-Summer-Fraiche-for-Men-15928.html,2025-11-14T18:04:12.922969
Giorgio Armani,Armani Prive Rose d'Arabie L'Or du Desert Giorgio Armani for women and men,4.39,245,https://www.fragrantica.com/perfume/Giorgio-Armani/Armani-Prive-Rose-d-Arabie-L-Or-du-Desert-18651.html,2025-11-14T18:04:19.584846
Giorgio Armani,Thé Yulong Soie de Nacre Giorgio Armani for women and men,4.26,163,https://www.fragrantica.com/perfume/Giorgio-Armani/The-Yulong-Soie-de-Nacre-70817.html,2025-11-14T18:04:25.766229
Giorgio Armani,Armani Prive Rose d'Arabie Limited Edition Swarovski Giorgio Armani for women and men,4.32,97,https://www.fragrantica.com/perfume/Giorgio-Armani/Armani-Prive-Rose-d-Arabie-Limited-Edition-Swarovski-29225.html,2025-11-14T18:04:31.908973
Giorgio Armani,Sensi White Notes Giorgio Armani,4.39,511,https://www.fragrantica.com/perfume/Giorgio-Armani/Sensi-White-Notes-424.html,2025-11-14T18:04:38.163059
Giorgio Armani,Armani Privé Bleu Turquoise Giorgio Armani for women and men,4.09,1423,https://www.fragrantica.com/perfume/Giorgio-Armani/Armani-Prive-Bleu-Turquoise-48060.html,2025-11-14T18:04:44.622946
Giorgio Armani,Giò Giorgio Armani,4.28,1528,https://www.fragrantica.com/perfume/Giorgio-Armani/Gio-418.html,2025-11-14T18:04:50.881143
Giorgio Armani,Acqua di Gioia Giorgio Armani,3.92,16174,https://www.fragrantica.com/perfume/Giorgio-Armani/Acqua-di-Gioia-8442.html,2025-11-14T18:04:56.320024
Giorgio Armani,Armani Code for Women Giorgio Armani,4.0,14274,https://www.fragrantica.com/perfume/Giorgio-Armani/Armani-Code-for-Women-413.html,2025-11-14T18:05:03.070747
Giorgio Armani,Cedre Olympe Giorgio Armani for women and men,4.17,88,https://www.fragrantica.com/perfume/Giorgio-Armani/Cedre-Olympe-6062.html,2025-11-14T18:05:08.673078
Giorgio Armani,Acqua di Giò Absolu Giorgio Armani,4.1,3981,https://www.fragrantica.com/perfume/Giorgio-Armani/Acqua-di-Gio-Absolu-48138.html,2025-11-14T18:05:15.488531
Giorgio Armani,Emporio Armani In Love With You Freeze Giorgio Armani,3.51,476,https://www.fragrantica.com/perfume/Giorgio-Armani/Emporio-Armani-In-Love-With-You-Freeze-58809.html,2025-11-14T18:05:22.018706
Giorgio Armani,Armani Code Mirror Edition Giorgio Armani,3.59,22,https://www.fragrantica.com/perfume/Giorgio-Armani/Armani-Code-Mirror-Edition-5204.html,2025-11-14T18:05:27.366829
Giorgio Armani,Emporio Armani Night Giorgio Armani,4.22,234,https://www.fragrantica.com/perfume/Giorgio-Armani/Emporio-Armani-Night-421.html,2025-11-14T18:05:32.828163
Giorgio Armani,Emporio Armani Night Giorgio Armani,4.17,622,https://www.fragrantica.com/perfume/Giorgio-Armani/Emporio-Armani-Night-422.html,2025-11-14T18:05:39.302105
Giorgio Armani,Emporio Armani Because It’s You Giorgio Armani,3.83,3518,https://www.fragrantica.com/perfume/Giorgio-Armani/Emporio-Armani-Because-It-s-You-45257.html,2025-11-14T18:05:45.512946
Giorgio Armani,Si Le Parfum Giorgio Armani,4.07,363,https://www.fragrantica.com/perfume/Giorgio-Armani/Si-Le-Parfum-39479.html,2025-11-14T18:05:52.115870
Giorgio Armani,Armani Code Summer Pour Femme 2010 Giorgio Armani,4.06,116,https://www.fragrantica.com/perfume/Giorgio-Armani/Armani-Code-Summer-Pour-Femme-2010-7905.html,2025-11-14T18:05:58.435107
Giorgio Armani,Emporio Armani Stronger With You Giorgio Armani,4.3,9400,https://www.fragrantica.com/perfume/Giorgio-Armani/Emporio-Armani-Stronger-With-You-45258.html,2025-11-14T18:20:57.989292
Giorgio Armani,La Femme Nacre Giorgio Armani,4.53,62,https://www.fragrantica.com/perfume/Giorgio-Armani/La-Femme-Nacre-15216.html,2025-11-14T18:21:04.276629
Giorgio Armani,Emporio Armani Diamonds for Men Summer Edition Giorgio Armani,4.15,96,https://www.fragrantica.com/perfume/Giorgio-Armani/Emporio-Armani-Diamonds-for-Men-Summer-Edition-8440.html,2025-11-14T18:21:18.198450
Giorgio Armani,Armani Code Elixir Giorgio Armani,3.66,263,https://www.fragrantica.com/perfume/Giorgio-Armani/Armani-Code-Elixir-106074.html,2025-11-14T18:21:26.003696
Giorgio Armani,Armani Code Parfum Giorgio Armani,4.41,5643,https://www.fragrantica.com/perfume/Giorgio-Armani/Armani-Code-Parfum-75126.html,2025-11-14T18:21:31.766638
Giorgio Armani,Sensi Giorgio Armani,4.31,2798,https://www.fragrantica.com/perfume/Giorgio-Armani/Sensi-557.html,2025-11-14T18:21:41.384501
Giorgio Armani,Cuir Zerzura Giorgio Armani for women and men,4.39,426,https://www.fragrantica.com/perfume/Giorgio-Armani/Cuir-Zerzura-62025.html,2025-11-14T18:21:47.930802
Giorgio Armani,Rondò Armaniano Giorgio Armani for women and men,3.89,56,https://www.fragrantica.com/perfume/Giorgio-Armani/Rondo-Armaniano-87438.html,2025-11-14T18:21:53.325795
Giorgio Armani,Armani Eau de Nuit Oud Giorgio Armani,4.18,369,https://www.fragrantica.com/perfume/Giorgio-Armani/Armani-Eau-de-Nuit-Oud-38548.html,2025-11-14T18:21:59.061332
Giorgio Armani,Armani Code Eau de Parfum (2024) Giorgio Armani,4.27,933,https://www.fragrantica.com/perfume/Giorgio-Armani/Armani-Code-Eau-de-Parfum-2024-96540.html,2025-11-14T18:22:04.557508
Giorgio Armani,Sable Nuit Giorgio Armani for women and men,4.1,228,https://www.fragrantica.com/perfume/Giorgio-Armani/Sable-Nuit-64787.html,2025-11-14T18:22:10.845945
Giorgio Armani,Armani Code Summer pour Femme Giorgio Armani,4.05,102,https://www.fragrantica.com/perfume/Giorgio-Armani/Armani-Code-Summer-pour-Femme-5746.html,2025-11-14T18:22:17.547839
Giorgio Armani,Armani Code Giorgio Armani,4.18,11201,https://www.fragrantica.com/perfume/Giorgio-Armani/Armani-Code-412.html,2025-11-14T18:22:23.377636
Giorgio Armani,Armani Privé Ombre & Lumiere Giorgio Armani,4.32,82,https://www.fragrantica.com/perfume/Giorgio-Armani/Armani-Prive-Ombre-Lumiere-25081.html,2025-11-14T18:22:29.035851
Giorgio Armani,Sable Or Giorgio Armani for women and men,4.38,125,https://www.fragrantica.com/perfume/Giorgio-Armani/Sable-Or-31210.html,2025-11-14T18:22:43.401187
Giorgio Armani,Acqua di Gio Giorgio Armani,3.98,4813,https://www.fragrantica.com/perfume/Giorgio-Armani/Acqua-di-Gio-411.html,2025-11-14T18:22:49.330960
Giorgio Armani,Summer Mania Homme Giorgio Armani,4.31,16,https://www.fragrantica.com/perfume/Giorgio-Armani/Summer-Mania-Homme-2706.html,2025-11-14T18:22:56.105795
Giorgio Armani,Acqua di Giò Profondo Giorgio Armani,4.34,10708,https://www.fragrantica.com/perfume/Giorgio-Armani/Acqua-di-Gio-Profondo-59532.html,2025-11-14T18:23:09.046042
Giorgio Armani,Musc Shamal Giorgio Armani for women and men,4.02,489,https://www.fragrantica.com/perfume/Giorgio-Armani/Musc-Shamal-55282.html,2025-11-14T18:23:15.358568
Giorgio Armani,Emporio Remix for Him Giorgio Armani,3.74,203,https://www.fragrantica.com/perfume/Giorgio-Armani/Emporio-Remix-for-Him-915.html,2025-11-14T18:23:21.905732
Giorgio Armani,Acqua di Gio Giorgio Armani,4.12,22558,https://www.fragrantica.com/perfume/Giorgio-Armani/Acqua-di-Gio-410.html,2025-11-14T18:23:27.550139
Giorgio Armani,Armani Code Summer pour Homme Giorgio Armani,4.24,42,https://www.fragrantica.com/perfume/Giorgio-Armani/Armani-Code-Summer-pour-Homme-5747.html,2025-11-14T18:23:33.370154
Giorgio Armani,Armani Code Le Parfum Giorgio Armani,3.84,70,https://www.fragrantica.com/perfume/Giorgio-Armani/Armani-Code-Le-Parfum-4957.html,2025-11-14T18:23:39.088148
Giorgio Armani,Emporio Armani Stronger With You Freeze Giorgio Armani,4.08,1110,https://www.fragrantica.com/perfume/Giorgio-Armani/Emporio-Armani-Stronger-With-You-Freeze-58808.html,2025-11-14T18:23:45.379657
Giorgio Armani,Emporio Armani Diamonds Summer Fraiche for Women Giorgio Armani,3.65,31,https://www.fragrantica.com/perfume/Giorgio-Armani/Emporio-Armani-Diamonds-Summer-Fraiche-for-Women-15927.html,2025-11-14T18:23:52.209276
Giorgio Armani,Armani Prive Vert Malachite Giorgio Armani for women and men,4.13,1765,https://www.fragrantica.com/perfume/Giorgio-Armani/Armani-Prive-Vert-Malachite-34588.html,2025-11-14T18:23:58.194233
Giorgio Armani,New York Giorgio Armani for women and men,4.28,120,https://www.fragrantica.com/perfume/Giorgio-Armani/New-York-46272.html,2025-11-14T18:24:03.689611
Giorgio Armani,Gardénia Antigua Giorgio Armani for women and men,3.87,383,https://www.fragrantica.com/perfume/Giorgio-Armani/Gardenia-Antigua-58908.html,2025-11-14T18:24:10.220583
Giorgio Armani,My Way Giorgio Armani,3.78,12034,https://www.fragrantica.com/perfume/Giorgio-Armani/My-Way-62036.html,2025-11-14T18:24:16.536199
Giorgio Armani,Armani Code Ultimate Femme Giorgio Armani,4.28,476,https://www.fragrantica.com/perfume/Giorgio-Armani/Armani-Code-Ultimate-Femme-28001.html,2025-11-14T18:24:22.003782
Giorgio Armani,Armani Code Luna Giorgio Armani,3.88,1136,https://www.fragrantica.com/perfume/Giorgio-Armani/Armani-Code-Luna-14611.html,2025-11-14T18:24:37.091125
Giorgio Armani,Armani Eau Pour Homme Giorgio Armani,4.26,1668,https://www.fragrantica.com/perfume/Giorgio-Armani/Armani-Eau-Pour-Homme-409.html,2025-11-14T18:24:43.254806
Giorgio Armani,My Way Nacre Giorgio Armani,3.94,84,https://www.fragrantica.com/perfume/Giorgio-Armani/My-Way-Nacre-71653.html,2025-11-14T18:24:52.271854
Giorgio Armani,Armani Attitude Giorgio Armani,4.38,1644,https://www.fragrantica.com/perfume/Giorgio-Armani/Armani-Attitude-1067.html,2025-11-14T18:24:58.196281
Giorgio Armani,Sun di Gioia Giorgio Armani,3.88,2013,https://www.fragrantica.com/perfume/Giorgio-Armani/Sun-di-Gioia-36600.html,2025-11-14T18:40:09.370904
Giorgio Armani,Jasmin Kusamono Giorgio Armani,4.0,530,https://www.fragrantica.com/perfume/Giorgio-Armani/Jasmin-Kusamono-58909.html,2025-11-14T18:40:14.977524
